City_ID,City,Country,Lat,Lng,Max Temp,Humidity,Cloudiness,Wind Speed,Current Description
0,Arraial Do Cabo,BR,-22.9661,-42.0278,66.11,77,100,11.36,overcast clouds
1,Griffith,US,41.5284,-87.4237,69.73,95,40,0.0,scattered clouds
2,Mataura,NZ,-46.1927,168.8643,38.48,97,100,2.66,overcast clouds
3,Flinders,AU,-34.5833,150.8552,61.21,63,0,7.31,clear sky
4,Georgetown,MY,5.4112,100.3354,89.55,72,20,11.5,thunderstorm
5,Hermanus,ZA,-34.4187,19.2345,58.42,67,98,2.77,overcast clouds
6,Vila Velha,BR,-20.3297,-40.2925,64.35,94,90,4.61,mist
7,Krasnoselkup,RU,65.7,82.4667,81.28,39,6,1.61,clear sky
8,Kavieng,PG,-2.5744,150.7967,83.26,74,39,15.1,light rain
9,Bucerias,MX,20.75,-105.3333,75.97,100,100,3.8,overcast clouds
10,Adrar,MR,20.5022,-10.0711,87.91,39,21,18.28,few clouds
11,Butaritari,KI,3.0707,172.7902,83.32,69,10,7.36,clear sky
12,Beyneu,KZ,45.3167,55.2,97.29,17,0,9.55,clear sky
13,Khatanga,RU,71.9667,102.5,63.32,42,100,9.73,overcast clouds
14,Pangnirtung,CA,66.1451,-65.7125,38.61,97,100,2.35,overcast clouds
15,Mount Isa,AU,-20.7333,139.5,74.97,14,0,11.5,clear sky
16,Yellowknife,CA,62.456,-114.3525,63.12,72,75,4.61,broken clouds
17,Jizan,SA,17.3333,42.6667,94.14,46,59,10.4,broken clouds
18,Padang,ID,-0.9492,100.3543,86.05,74,74,4.97,broken clouds
19,Bambous Virieux,MU,-20.3428,57.7575,75.45,60,75,11.5,broken clouds
20,Kodiak,US,57.79,-152.4072,54.19,87,89,1.52,overcast clouds
21,Albany,US,42.6001,-73.9662,68.67,88,100,2.53,overcast clouds
22,Auki,SB,-8.7676,160.7034,78.48,82,99,3.09,overcast clouds
23,Gewane,ET,10.1664,40.6453,85.57,48,90,7.87,overcast clouds
24,Port Alfred,ZA,-33.5906,26.891,61.95,68,2,3.11,clear sky
25,Tasiilaq,GL,65.6145,-37.6368,42.96,93,100,3.31,overcast clouds
26,Port Blair,IN,11.6667,92.75,82.44,83,90,6.91,overcast clouds
27,Ushuaia,AR,-54.8,-68.3,31.66,86,90,13.8,light snow
28,Hilo,US,19.7297,-155.09,74.25,94,90,5.75,moderate rain
29,Umm Kaddadah,SD,13.6017,26.6876,77.11,72,100,18.19,overcast clouds
30,Trafaria,PT,38.6722,-9.2327,68.45,80,40,12.66,scattered clouds
31,Puerto Maldonado,PE,-12.6,-69.1833,64.51,61,0,0.78,clear sky
32,Rikitea,PF,-23.1203,-134.9692,74.43,79,7,6.96,clear sky
33,Lata,PT,40.1629,-8.3327,64.04,74,58,7.07,broken clouds
34,Siyabuswa,ZA,-25.1132,29.0445,71.46,16,0,2.01,clear sky
35,Ribeira Grande,PT,38.5167,-28.7,68.4,68,40,6.91,scattered clouds
36,Kapaa,US,22.0752,-159.319,80.92,72,75,1.99,light rain
37,Bluff,NZ,-46.6,168.3333,38.8,64,95,9.24,overcast clouds
38,Arraias,BR,-12.9288,-46.9437,65.01,61,54,9.28,broken clouds
39,Lompoc,US,34.6391,-120.4579,60.42,94,90,3.44,fog
40,Vaini,TO,-21.2,-175.2,68.16,83,20,8.05,few clouds
41,Abu Kamal,SY,34.4506,40.9171,100.72,22,0,14.81,clear sky
42,Castro,BR,-24.7911,-50.0119,53.76,96,99,6.73,overcast clouds
43,Usinsk,RU,65.9939,57.5281,55.92,68,100,11.59,overcast clouds
44,Conceicao Do Araguaia,BR,-8.2578,-49.2647,71.73,56,0,4.61,clear sky
45,Jamestown,US,42.097,-79.2353,69.71,95,1,1.01,clear sky
46,Saskylakh,RU,71.9167,114.0833,53.76,64,94,2.93,overcast clouds
47,Horqueta,PY,-23.3428,-57.0597,64.99,46,0,6.46,clear sky
48,Chicama,PE,-7.8447,-79.1469,62.74,88,29,4.72,scattered clouds
49,Liwale,TZ,-9.7667,37.9333,80.89,39,1,5.03,clear sky
50,Maitum,PH,6.0392,124.4986,85.69,66,64,4.09,broken clouds
51,Kahului,US,20.8947,-156.47,77.02,85,40,17.27,scattered clouds
52,Broome,US,42.2506,-75.833,70.36,94,100,3.0,overcast clouds
53,San Cristobal,VE,7.7669,-72.225,63.3,96,81,3.0,broken clouds
54,Bredasdorp,ZA,-34.5322,20.0403,49.32,93,100,5.75,overcast clouds
55,Tuatapere,NZ,-46.1333,167.6833,38.82,89,100,4.5,light rain
56,Luderitz,NA,-26.6481,15.1594,65.66,40,10,3.4,clear sky
57,Lebu,CL,-37.6167,-73.65,48.2,89,56,13.04,broken clouds
58,Cidreira,BR,-30.1811,-50.2056,58.48,93,90,10.54,overcast clouds
59,Lavrentiya,RU,65.5833,-171.0,44.33,78,99,14.85,overcast clouds
60,Egvekinot,RU,66.3167,-179.1667,39.49,82,95,16.89,overcast clouds
61,Cherskiy,RU,68.75,161.3,64.15,51,86,5.99,overcast clouds
62,Souillac,MU,-20.5167,57.5167,75.58,60,75,11.5,broken clouds
63,Lucapa,AO,-8.4192,20.7447,80.2,11,99,8.41,overcast clouds
64,Itoman,JP,26.1247,127.6694,86.38,89,90,20.71,moderate rain
65,Carnarvon,AU,-24.8667,113.6333,77.07,71,90,23.02,overcast clouds
66,Meulaboh,ID,4.1363,96.1285,86.49,65,59,9.6,broken clouds
67,Port Lincoln,AU,-34.7333,135.8667,56.34,68,100,4.61,overcast clouds
68,Bathsheba,BB,13.2167,-59.5167,79.41,78,40,11.5,scattered clouds
69,Taltal,CL,-25.4,-70.4833,53.58,81,5,1.5,clear sky
70,East London,ZA,-33.0153,27.9116,59.94,72,0,6.91,clear sky
71,Humberto De Campos,BR,-2.5983,-43.4611,73.45,94,29,5.26,scattered clouds
72,Port-Cartier,CA,50.0334,-66.8654,59.22,66,100,9.53,overcast clouds
73,Xixiang,CN,35.1628,112.865,91.45,54,12,4.85,light rain
74,Alekseyevka,RU,50.6309,38.6903,88.25,25,48,16.24,scattered clouds
75,Chipinge,ZW,-20.1883,32.6236,73.27,20,0,5.86,clear sky
76,Kolpashevo,RU,58.3131,82.9089,71.87,75,81,7.11,light rain
77,Atuona,PF,-9.8,-139.0333,78.1,81,54,20.69,light rain
78,Buzias,RO,45.6492,21.6036,76.73,37,4,0.85,clear sky
79,Mabaruma,GY,8.2,-59.7833,72.82,96,34,0.27,scattered clouds
80,Oktyabrskoye,RU,43.0645,44.7417,82.54,58,40,2.24,scattered clouds
81,Caravelas,BR,-17.7125,-39.2481,66.92,80,80,7.16,broken clouds
82,Cayenne,GF,4.9333,-52.3333,76.08,89,90,0.0,overcast clouds
83,Vila,PT,42.0304,-8.1588,54.48,93,23,3.29,light rain
84,Suntar,RU,62.1444,117.6319,70.57,64,100,10.49,overcast clouds
85,Shingu,JP,33.7333,135.9833,88.79,84,100,11.72,heavy intensity rain
86,Esperance,AU,-33.8667,121.9,73.24,54,0,11.3,clear sky
87,Vila Franca Do Campo,PT,37.7167,-25.4333,68.41,70,71,10.54,broken clouds
88,Kupang,ID,-10.1667,123.5833,86.58,42,20,20.71,few clouds
89,Sanmenxia,CN,34.7747,111.1814,89.55,38,67,6.98,broken clouds
90,Punta Arenas,CL,-53.15,-70.9167,32.11,86,40,13.8,scattered clouds
91,Hobart,AU,-42.8794,147.3294,46.26,69,40,12.66,scattered clouds
92,Barrow,US,71.2906,-156.7887,35.62,80,90,9.22,overcast clouds
93,Broken Hill,AU,-31.95,141.4333,56.91,47,90,12.66,overcast clouds
94,Tottori,JP,35.5,134.2333,93.2,84,75,6.91,thunderstorm
95,Makarov,RU,48.6333,142.8,57.24,92,100,17.05,overcast clouds
96,North Bend,US,43.4065,-124.2243,61.86,100,90,6.91,fog
97,Corinto,GR,37.9407,22.9573,91.76,39,0,6.58,clear sky
98,Tadine,NC,-21.55,167.8833,66.47,68,100,10.74,overcast clouds
99,Darhan,MN,49.4867,105.9228,68.72,71,83,15.64,broken clouds
100,Mar Del Plata,AR,-38.0023,-57.5575,51.82,100,90,9.22,mist
101,Orlik,RU,52.5178,99.825,57.67,71,100,7.45,overcast clouds
102,Samoded,RU,63.6083,40.5111,66.31,40,0,7.47,clear sky
103,Mount Gambier,AU,-37.8333,140.7667,53.51,76,40,8.05,scattered clouds
104,Soure,BR,-0.7167,-48.5233,78.31,80,3,4.54,clear sky
105,Graaff-Reinet,ZA,-32.2522,24.5308,63.79,20,2,4.47,clear sky
106,Alenquer,BR,-1.9417,-54.7383,75.54,77,20,2.59,few clouds
107,Salalah,OM,17.0151,54.0924,77.09,100,90,10.36,overcast clouds
108,Busselton,AU,-33.65,115.3333,64.09,85,100,22.62,overcast clouds
109,Cape Town,ZA,-33.9258,18.4232,46.81,100,90,1.14,fog
110,Namatanai,PG,-3.6667,152.4333,80.28,82,29,9.48,light rain
111,El Porvenir,HN,13.7617,-87.3458,72.73,89,83,4.79,broken clouds
112,Tiksi,RU,71.6872,128.8694,49.86,73,100,2.44,overcast clouds
113,Grand-Santi,GF,4.25,-54.3833,71.2,100,97,0.92,light rain
114,Upernavik,GL,72.7868,-56.1549,40.48,93,100,10.33,overcast clouds
115,Beringovskiy,RU,63.05,179.3167,44.4,86,100,24.49,light rain
116,Berdigestyakh,RU,62.0989,126.6992,74.26,38,77,14.09,broken clouds
117,Abeche,TD,13.8292,20.8324,75.22,57,75,4.61,broken clouds
118,Rabak,SD,13.1809,32.74,78.3,77,100,7.29,overcast clouds
119,Westport,US,41.1415,-73.3579,74.86,84,46,1.99,scattered clouds
120,Hoquiam,US,46.9809,-123.8893,62.58,85,90,3.44,overcast clouds
121,Mangaratiba,BR,-22.9597,-44.0406,63.46,84,100,5.82,overcast clouds
122,Stolin,BY,51.8912,26.846,57.74,88,100,10.33,overcast clouds
123,Puerto Ayora,EC,-0.7393,-90.3518,69.55,88,100,7.0,overcast clouds
124,Bethel,US,41.3712,-73.414,71.67,86,1,0.0,clear sky
125,Ilulissat,GL,69.2167,-51.1,44.62,70,100,6.91,overcast clouds
126,Chuy,UY,-33.6971,-53.4616,54.23,93,0,6.6,clear sky
127,Longyearbyen,SJ,78.2186,15.6401,46.24,87,40,3.44,scattered clouds
128,Kapuskasing,CA,49.4169,-82.4331,44.6,100,90,2.3,fog
129,Zyryanka,RU,65.75,150.85,60.58,60,32,14.63,scattered clouds
130,Dikson,RU,73.5069,80.5464,47.55,74,15,11.81,few clouds
131,Litovko,RU,49.2361,135.1742,61.2,93,100,12.84,moderate rain
132,Quatre Cocos,MU,-20.2078,57.7625,75.31,68,80,14.61,broken clouds
133,Bandarbeyla,SO,9.4942,50.8122,88.47,45,100,24.9,overcast clouds
134,San-Pedro,CI,4.7485,-6.6363,74.89,83,100,4.7,overcast clouds
135,Pevek,RU,69.7008,170.3133,44.55,73,0,10.33,clear sky
136,Aykhal,RU,66.0,111.5,63.25,54,19,14.45,few clouds
137,Faanui,PF,-16.4833,-151.75,78.71,69,46,9.66,scattered clouds
138,Cikupa,ID,-6.2364,106.5083,91.31,59,41,11.61,scattered clouds
139,Sorland,NO,67.667,12.6934,68.07,83,83,15.77,broken clouds
140,Bitung,ID,1.4451,125.1824,85.05,83,100,16.35,light rain
141,Thompson,CA,55.7435,-97.8558,55.56,88,20,0.0,smoke
142,Saint George,US,37.1041,-113.5841,84.94,12,1,5.01,haze
143,Nikolskoye,RU,59.7035,30.7861,61.02,90,100,11.14,moderate rain
144,Aksu,CN,41.1231,80.2644,89.76,21,0,5.61,light rain
145,Havre-Saint-Pierre,CA,50.2334,-63.5986,60.8,94,75,2.3,mist
146,Ponta Do Sol,PT,32.6667,-17.1,74.03,79,23,2.89,few clouds
147,Byron Bay,AU,-28.65,153.6167,66.31,63,0,9.64,clear sky
148,Rio Grande,BR,-32.035,-52.0986,53.94,96,33,8.75,scattered clouds
149,Vestmannaeyjar,IS,63.4427,-20.2734,54.68,85,99,12.46,light rain
150,Petropavlovsk-Kamchatskiy,RU,53.0452,158.6483,54.19,88,75,4.47,broken clouds
151,Aylmer,CA,42.7668,-80.983,69.93,95,97,5.1,overcast clouds
152,Airai,TL,-8.9266,125.4092,67.8,52,93,4.18,overcast clouds
153,Deputatskiy,RU,69.3,139.9,62.01,42,5,7.43,clear sky
154,Ozernovskiy,RU,51.5,156.5167,54.57,79,100,10.16,overcast clouds
155,Sitka,US,57.0531,-135.33,60.69,77,90,4.61,overcast clouds
156,Kutum,SD,14.2,24.6667,72.88,72,100,17.18,overcast clouds
157,Constitucion,CL,-35.3333,-72.4167,49.73,91,7,5.32,clear sky
158,Namibe,AO,-15.1961,12.1522,63.23,94,20,0.0,few clouds
159,Komsomolskiy,UZ,40.4272,71.7189,92.12,21,0,6.91,clear sky
160,New Norfolk,AU,-42.7826,147.0587,45.9,72,5,1.01,clear sky
161,Clyde River,CA,70.4692,-68.5914,35.83,93,90,12.66,overcast clouds
162,Gorontalo,ID,0.5412,123.0595,78.66,82,100,4.83,overcast clouds
163,Korla,CN,41.7597,86.1469,93.51,16,1,11.54,clear sky
164,Mayo,US,38.8876,-76.5119,72.9,90,1,0.0,clear sky
165,Baishishan,CN,43.5833,127.5667,79.88,56,8,4.25,clear sky
166,Kapoeta,SS,4.7717,33.5903,89.83,32,31,8.79,scattered clouds
167,Geraldton,AU,-28.7667,114.6,72.01,56,75,13.8,broken clouds
168,Humaita,BR,-7.5061,-63.0208,68.47,56,0,1.19,clear sky
169,Ampanihy,MG,-24.7,44.75,80.33,26,3,2.35,clear sky
170,Bengkulu,ID,-3.8004,102.2655,84.85,72,38,6.69,scattered clouds
171,Campo Gobierno,MX,24.6536,-107.5411,77.7,92,98,3.47,overcast clouds
172,Terra Santa,BR,-2.1042,-56.4869,73.17,83,12,2.35,few clouds
173,Atasu,KZ,48.6814,71.6433,92.93,17,32,11.7,scattered clouds
174,Hervey Bay,AU,-25.2986,152.8535,69.91,66,0,9.13,clear sky
175,Qaanaaq,GL,77.484,-69.3632,37.18,76,38,7.18,scattered clouds
176,Qasigiannguit,GL,68.8193,-51.1922,44.85,74,98,8.59,overcast clouds
177,Waddan,LY,29.1614,16.139,97.9,10,0,2.48,clear sky
178,Yuzhnyy,RU,53.2542,83.6936,71.98,60,75,6.71,broken clouds
179,Nanortalik,GL,60.1432,-45.2371,45.45,78,100,0.81,overcast clouds
180,Elat,IL,29.5581,34.9482,91.24,52,0,0.0,clear sky
181,Jhusi,IN,25.4333,81.9333,94.57,51,100,6.38,overcast clouds
182,Verkhoyansk,RU,67.5447,133.385,78.73,24,4,4.88,clear sky
183,Marzuq,YE,14.4,46.4667,88.36,36,2,3.69,clear sky
184,Chapayeve,UA,49.3662,35.8749,73.22,44,62,8.7,broken clouds
185,Mehamn,NO,71.0357,27.8492,63.36,60,100,6.51,overcast clouds
186,Am Timan,TD,11.0297,20.2827,73.89,87,100,4.63,light rain
187,Coihaique,CL,-45.5752,-72.0662,35.55,80,90,6.91,light rain
188,Mareeba,AU,-17.0,145.4333,68.72,73,50,6.8,scattered clouds
189,Miquelon,PM,47.0975,-56.3814,62.69,97,100,19.48,overcast clouds
190,Vanimo,PG,-2.6741,141.3028,78.39,88,100,7.78,overcast clouds
191,Platanos,GR,37.6667,21.6167,90.57,34,0,4.74,clear sky
192,Mahebourg,MU,-20.4081,57.7,75.49,60,75,11.5,broken clouds
193,Dunstable,GB,51.886,-0.521,59.59,91,75,8.05,broken clouds
194,Los Llanos De Aridane,ES,28.6585,-17.9182,67.75,96,75,13.8,broken clouds
195,Atar,MR,20.5169,-13.0499,82.78,47,21,11.23,few clouds
196,Maningrida,AU,-12.0667,134.2667,80.94,56,74,12.48,broken clouds
197,Sovetskiy,RU,61.3614,63.5842,61.63,94,100,7.96,overcast clouds
198,Mwanza,TZ,-2.5167,32.9,73.45,60,0,13.8,clear sky
199,Pitimbu,BR,-7.4706,-34.8086,72.19,81,100,17.69,overcast clouds
200,Tallahassee,US,30.4383,-84.2807,79.65,96,40,0.0,scattered clouds
201,Havelock,US,34.8791,-76.9013,80.94,94,100,4.41,overcast clouds
202,Mazatlan,MX,23.2167,-106.4167,85.01,84,75,3.0,broken clouds
203,Nishihara,JP,26.1842,127.7558,85.66,89,90,20.71,light rain
204,Kousseri,CM,12.0769,15.0306,78.76,83,88,6.91,overcast clouds
205,Okha,RU,53.5739,142.9478,56.52,73,54,16.02,broken clouds
206,Bilibino,RU,68.0546,166.4372,57.36,47,1,12.77,clear sky
207,Manta,EC,-0.95,-80.7333,70.2,85,99,8.05,overcast clouds
208,Hithadhoo,MV,-0.6,73.0833,82.11,67,91,3.83,overcast clouds
209,Muisne,EC,0.6,-80.0333,73.9,84,100,9.73,overcast clouds
210,Palmer,US,42.1584,-72.3287,69.93,90,1,0.0,clear sky
211,Jobner,IN,26.9667,75.3833,89.02,75,99,8.08,moderate rain
212,Merauke,ID,-8.4667,140.3333,79.2,74,100,18.92,overcast clouds
213,Benguela,AO,-12.5763,13.4055,73.62,80,28,5.23,scattered clouds
214,Barhi,IN,23.9,80.8,84.92,72,92,13.22,overcast clouds
215,Pinas,EC,-3.6667,-79.65,62.85,78,3,4.0,clear sky
216,Uige,AO,-7.6087,15.0613,75.87,55,21,3.15,few clouds
217,Sao Filipe,CV,14.8961,-24.4956,77.22,82,100,8.86,overcast clouds
218,Vilhena,BR,-12.7406,-60.1458,65.93,47,2,3.33,clear sky
219,Sistranda,NO,63.7256,8.834,64.9,64,77,17.92,broken clouds
220,Sobolevo,RU,54.4299,31.8996,67.14,84,100,8.39,overcast clouds
221,Yeppoon,AU,-23.1333,150.7333,73.18,77,0,7.85,clear sky
222,Springdale,US,36.1867,-94.1288,72.01,90,1,4.61,clear sky
223,Lazaro Cardenas,MX,17.9583,-102.2,78.12,83,100,3.96,overcast clouds
224,Alofi,NU,-19.0595,-169.9187,73.29,83,2,6.91,clear sky
225,Marsabit,KE,2.3284,37.9899,69.21,55,67,20.27,broken clouds
226,Ostrovnoy,RU,68.0531,39.5131,59.77,71,12,5.66,few clouds
227,Surin,TH,14.8818,103.4936,93.58,57,100,9.8,overcast clouds
228,Leningradskiy,RU,69.3833,178.4167,37.58,90,100,6.6,overcast clouds
229,Gospic,HR,44.5461,15.3747,76.69,44,4,5.26,clear sky
230,Manaus,BR,-3.1019,-60.025,79.29,89,0,4.61,clear sky
231,Pervomayskoye,RU,43.919,46.7102,103.78,14,0,25.97,clear sky
232,Villazon,BO,-22.0866,-65.5942,36.45,17,7,1.14,clear sky
233,Pozo Colorado,PY,-23.4923,-58.7972,63.43,43,0,6.29,clear sky
234,Skibotn,NO,69.3913,20.2679,60.89,54,29,7.11,scattered clouds
235,Kinwat,IN,19.6333,78.2,88.12,57,93,10.63,overcast clouds
236,Santiago Del Estero,AR,-27.7951,-64.2615,60.91,49,0,8.93,clear sky
237,Rongcheng,CN,30.634,117.8517,88.81,65,55,8.3,broken clouds
238,Vidisha,IN,23.5333,77.8167,78.13,92,100,10.94,overcast clouds
239,Kaitangata,NZ,-46.2817,169.8464,37.63,88,58,6.33,broken clouds
240,Oussouye,SN,12.485,-16.5469,80.69,83,98,9.82,light rain
241,Sakakah,SA,29.9697,40.2064,96.37,15,3,3.85,clear sky
242,Abu Dhabi,AE,24.4667,54.3667,102.31,53,0,6.91,clear sky
243,Anadyr,RU,64.75,177.4833,54.1,62,0,11.18,clear sky
244,Gao,ML,16.6362,1.637,88.9,44,68,12.03,broken clouds
245,Tuktoyaktuk,CA,69.4541,-133.0374,40.51,83,100,14.05,overcast clouds
246,Grants Pass,US,42.439,-123.3284,74.71,68,1,5.75,clear sky
247,Sechura,PE,-5.5569,-80.8222,62.6,89,9,8.23,clear sky
248,Uhingen,DE,48.7048,9.5857,69.64,82,94,5.88,overcast clouds
249,Lorengau,PG,-2.0226,147.2712,80.42,81,99,7.49,overcast clouds
250,Klaksvik,FO,62.2266,-6.589,59.92,90,100,17.96,overcast clouds
251,Erdemli,TR,36.605,34.3084,87.87,63,11,9.44,few clouds
252,Okhotsk,RU,59.3833,143.3,64.02,58,45,8.72,scattered clouds
253,Srednekolymsk,RU,67.45,153.6833,60.33,49,72,7.65,broken clouds
254,Navrongo,GH,10.8956,-1.0921,76.62,80,88,11.3,overcast clouds
255,Lewistown,US,40.5992,-77.5714,72.79,91,1,0.0,clear sky
256,Corn Island,NI,12.1694,-83.0418,81.23,81,100,16.44,overcast clouds
257,Erdenet,MN,49.0333,104.0833,62.42,74,98,10.98,overcast clouds
258,Bernalillo,US,35.05,-106.6673,81.5,40,20,1.99,few clouds
259,Bima,ID,-8.4667,118.7167,88.16,53,95,2.82,overcast clouds
260,Arrecife,ES,28.963,-13.5477,71.67,78,75,14.97,broken clouds
261,Yulara,AU,-25.2406,130.9889,67.84,22,0,10.36,clear sky
262,Colonial Park,US,40.3006,-76.8097,72.75,79,100,1.01,overcast clouds
263,Gashua,NG,12.871,11.0482,83.08,62,99,17.81,overcast clouds
264,Boende,CD,-0.2167,20.8667,86.09,52,55,5.5,broken clouds
265,Cabedelo,BR,-6.9811,-34.8339,72.27,82,77,18.5,broken clouds
266,Stovring,DK,56.8854,9.8384,61.41,94,100,13.8,overcast clouds
267,Najran,SA,17.4924,44.1277,93.85,19,67,13.91,broken clouds
268,Kurumkan,RU,54.3,110.3,72.73,57,100,4.99,light rain
269,Bocaiuva,BR,-17.1078,-43.815,57.69,81,100,9.01,overcast clouds
270,Saint-Philippe,RE,-21.3585,55.7679,76.59,67,27,11.21,scattered clouds
271,Norman Wells,CA,65.282,-126.8329,46.44,81,90,13.8,overcast clouds
272,Aklavik,CA,68.2191,-135.0107,40.03,82,100,9.57,overcast clouds
273,Urengoy,RU,65.9667,78.3667,79.65,37,3,6.64,clear sky
274,Nome,US,64.5011,-165.4064,46.47,87,90,11.5,light rain
275,Sola,VU,-13.8833,167.55,78.62,77,33,17.2,scattered clouds
276,Avarua,CK,-21.2078,-159.775,77.05,78,20,12.66,few clouds
277,Asau,RO,46.4333,26.4,74.39,53,0,2.19,clear sky
278,Bessonovka,RU,53.3097,45.0407,82.24,33,9,8.39,clear sky
279,Hasaki,JP,35.7333,140.8333,82.8,83,100,8.79,moderate rain
280,Lichtenburg,ZA,-26.152,26.1597,63.9,14,0,6.71,clear sky
281,Sembakung,ID,3.8167,117.25,89.53,48,78,2.91,broken clouds
282,Talnakh,RU,69.4865,88.3972,82.04,38,68,11.16,broken clouds
283,Port Augusta,AU,-32.5,137.7667,58.71,67,1,9.26,clear sky
284,Fort Nelson,CA,58.8053,-122.7002,56.79,94,90,12.66,moderate rain
285,Smithers,CA,54.7804,-127.1743,53.92,76,75,2.3,broken clouds
286,Kunya,NG,12.2233,8.5325,77.16,78,0,11.5,clear sky
287,Chokurdakh,RU,70.6333,147.9167,62.1,58,39,9.13,scattered clouds
288,Mendoza,AR,-32.8908,-68.8272,54.93,41,0,13.8,clear sky
289,Dubrovnik,HR,42.6481,18.0922,89.64,54,0,6.91,clear sky
290,Wajima,JP,37.4,136.9,84.88,89,75,3.44,broken clouds
291,Clearlake,US,38.9582,-122.6264,66.34,63,0,3.11,clear sky
292,Ust-Maya,RU,60.4167,134.5333,71.69,38,0,10.94,clear sky
293,Saint-Augustin,CA,51.226,-58.6502,60.53,95,39,11.45,scattered clouds
294,Erenhot,CN,43.6475,111.9767,91.89,12,57,11.56,broken clouds
295,Chumikan,RU,54.7183,135.315,52.81,91,100,18.03,overcast clouds
296,Tilichiki,RU,60.4667,166.1,53.35,74,100,2.01,overcast clouds
297,Koubia,GN,11.5833,-11.9,66.61,92,77,1.68,broken clouds
298,Kalaleh,IR,37.3807,55.4916,96.4,36,0,4.61,clear sky
299,Yarmouth,US,41.7057,-70.2286,71.01,94,1,5.99,clear sky
300,Camacha,PT,33.0833,-16.3333,70.56,94,75,10.36,light intensity drizzle
301,Saint Anthony,US,45.0205,-93.218,73.29,80,40,1.01,scattered clouds
302,Mezen,RU,65.8522,44.24,63.99,44,79,2.91,broken clouds
303,Strezhevoy,RU,60.7333,77.5889,67.98,47,4,6.67,clear sky
304,Stryn,NO,61.9045,6.7226,70.88,47,100,5.19,overcast clouds
305,Alice Springs,AU,-23.7,133.8833,67.55,19,0,14.97,clear sky
306,Dafeng,CN,23.4517,108.5881,94.42,60,100,5.28,overcast clouds
307,Saint Paul,US,44.9444,-93.0933,73.92,83,1,1.01,clear sky
308,Zhuhai,CN,22.2769,113.5678,90.79,70,20,9.22,light rain
309,Chardara,KZ,41.2547,67.9692,94.77,20,0,2.33,clear sky
310,Yerofey Pavlovich,RU,53.9667,121.9667,66.63,80,100,6.55,overcast clouds
311,San Policarpo,PH,12.1791,125.5072,86.97,66,95,6.08,overcast clouds
312,Artigas,UY,-30.4,-56.4667,57.61,82,3,7.78,clear sky
313,Kruisfontein,ZA,-34.0033,24.7314,55.89,68,54,3.8,broken clouds
314,Wenchi,GH,7.7392,-2.1046,71.35,93,100,7.67,overcast clouds
315,Bud,US,39.447,-86.1758,70.92,86,98,6.31,overcast clouds
316,Ust-Nera,RU,64.5667,143.2,72.43,38,12,3.33,few clouds
317,Merritt Island,US,28.5392,-80.672,79.09,92,20,0.0,few clouds
318,Laguna,US,38.421,-121.4238,78.62,55,90,1.01,haze
319,Marawi,PH,7.9986,124.2928,81.64,88,95,4.21,light rain
320,Cambridge,CA,43.3601,-80.3127,69.78,87,75,4.61,broken clouds
321,Yuncheng,CN,35.0231,110.9928,94.8,31,4,17.56,clear sky
322,Dalby,AU,-27.1833,151.2667,65.1,50,0,11.41,clear sky
323,Iqaluit,CA,63.7506,-68.5145,40.73,87,90,4.61,light rain
324,Stoughton,US,42.1251,-71.1023,70.3,93,1,3.0,clear sky
325,Victoria,HK,22.2855,114.1577,89.58,82,100,1.99,light rain
326,Fairbanks,US,64.8378,-147.7164,65.1,86,90,0.0,overcast clouds
327,Sao Joao Da Barra,BR,-21.6403,-41.0511,65.5,80,98,4.92,overcast clouds
328,Mpika,ZM,-11.8343,31.4529,71.89,32,5,10.18,clear sky
329,The Valley,AI,18.217,-63.0578,82.26,73,0,16.11,clear sky
330,Lapi,PH,17.716,121.8978,94.66,52,93,3.94,overcast clouds
331,Carolina,PR,18.3808,-65.9574,81.1,90,20,4.61,few clouds
332,Kendari,ID,-3.945,122.4989,80.02,72,100,4.61,overcast clouds
333,Marsh Harbour,BS,26.5412,-77.0636,82.63,74,12,8.68,few clouds
334,Torbay,CA,47.6666,-52.7314,70.57,93,90,21.85,light intensity drizzle
335,Ridgecrest,US,35.6225,-117.6709,85.86,12,1,3.0,clear sky
336,Nakonde,ZM,-9.3421,32.745,73.27,36,0,8.97,clear sky
337,Pacific Grove,US,36.6177,-121.9166,65.8,92,90,4.0,overcast clouds
338,Buala,SB,-8.145,159.5921,80.35,73,99,3.18,overcast clouds
339,Walvis Bay,NA,-22.9575,14.5053,65.53,47,3,4.41,clear sky
340,Port Hedland,AU,-20.3167,118.5667,78.85,31,1,16.11,clear sky
341,Sembe,CG,1.6481,14.5806,71.67,94,100,5.86,light rain
342,Huarmey,PE,-10.0681,-78.1522,62.56,87,48,8.34,scattered clouds
343,Prestea,GH,5.4327,-2.1428,75.54,83,100,6.29,overcast clouds
344,Whitianga,NZ,-36.8333,175.7,53.02,76,2,13.6,clear sky
345,Tabou,CI,4.423,-7.3528,76.71,77,56,5.48,broken clouds
346,Iguape,BR,-24.7081,-47.5553,63.21,96,99,3.42,overcast clouds
347,Porto Franco,BR,-6.3383,-47.3992,76.19,42,99,1.97,overcast clouds
348,Bar Harbor,US,44.3876,-68.2039,65.46,97,1,4.61,clear sky
349,Itapora,BR,-22.0799,-54.7874,61.45,52,0,3.83,clear sky
350,San Patricio,US,28.017,-97.5169,84.09,83,12,9.22,few clouds
351,Bagdarin,RU,54.4333,113.6,55.89,98,100,2.91,heavy intensity rain
352,Yerbogachen,RU,61.2767,108.0108,71.92,31,88,9.26,overcast clouds
353,Fuxin,CN,42.0156,121.6589,87.57,45,3,2.17,clear sky
354,Sangmelima,CM,2.9333,11.9833,70.83,90,100,4.43,overcast clouds
355,Necochea,AR,-38.5473,-58.7368,55.53,79,100,12.62,overcast clouds
356,Bantou,CN,26.2151,117.4893,89.29,69,100,1.25,overcast clouds
357,Santa Cruz,BO,-17.8,-63.1667,63.86,77,0,5.75,clear sky
358,Sarkikaraagac,TR,38.0794,31.3664,80.49,31,1,6.24,clear sky
359,Jacareacanga,BR,-6.2222,-57.7528,72.57,52,81,1.45,broken clouds
360,Narsaq,GL,60.9167,-46.05,44.82,57,100,4.74,overcast clouds
361,Birao,CF,10.2849,22.7882,72.64,94,100,5.53,light rain
362,Sangar,RU,63.9242,127.4739,74.82,30,18,17.43,few clouds
363,Leh,IN,34.1667,77.5833,70.36,23,17,6.67,few clouds
364,Nevsehir,TR,38.9167,34.6667,67.21,64,75,5.75,broken clouds
365,Goderich,CA,43.7501,-81.7165,70.92,83,97,5.75,overcast clouds
366,Altay,CN,47.8667,88.1167,79.43,27,21,12.26,few clouds
367,San Cosme Y Damian,PY,-27.3167,-56.35,62.78,72,0,5.82,clear sky
368,Kirakira,SB,-10.4544,161.9205,78.85,83,90,8.05,overcast clouds
369,Sinnamary,GF,5.3833,-52.95,74.66,92,100,6.89,overcast clouds
370,Brainerd,US,46.358,-94.2008,66.45,77,1,3.44,haze
371,Kiunga,PG,-6.1219,141.2906,75.61,96,100,3.8,overcast clouds
372,Vega De Alatorre,MX,20.0333,-96.6333,78.03,83,12,4.88,few clouds
373,Roswell,US,34.0232,-84.3616,73.27,91,1,0.0,clear sky
374,Majene,ID,-3.5403,118.9707,85.17,67,74,1.95,broken clouds
375,Haines Junction,CA,60.7522,-137.5108,51.75,100,100,1.14,light rain
376,Lasa,IT,46.6166,10.7002,63.36,80,81,6.13,broken clouds
377,Madera,US,37.1666,-119.8343,79.43,32,0,1.01,clear sky
378,Chake Chake,TZ,-5.2459,39.7666,78.66,65,100,9.98,light rain
379,Severo-Yeniseyskiy,RU,60.3725,93.0408,78.6,33,99,5.28,overcast clouds
380,Knin,HR,44.0439,16.2,82.13,34,0,4.9,clear sky
381,Saint-Pierre,RE,-21.3393,55.4781,76.68,61,0,12.66,clear sky
382,Plouzane,FR,48.3833,-4.6167,60.98,91,40,10.36,scattered clouds
383,Rakitnoye,RU,50.8389,35.8515,75.45,53,100,11.12,overcast clouds
384,Kragero,NO,58.8693,9.4149,65.57,74,100,16.67,overcast clouds
385,San Quintin,MX,30.4833,-115.95,67.12,87,4,5.95,clear sky
386,Margate,GB,51.3813,1.3862,62.69,77,100,7.0,overcast clouds
387,Careiro Da Varzea,BR,-3.2003,-59.8119,79.41,72,87,0.31,overcast clouds
388,Flin Flon,CA,54.7682,-101.865,55.72,87,39,8.12,scattered clouds
389,Obo,CF,5.3998,26.4869,78.37,68,100,6.67,overcast clouds
390,Ngunguru,NZ,-35.6167,174.5,55.17,80,25,11.97,scattered clouds
391,Temryuk,RU,45.2722,37.3811,86.22,50,100,3.22,overcast clouds
392,Nigde,TR,37.8333,34.75,79.83,29,100,7.4,overcast clouds
393,Hay River,CA,60.8156,-115.7999,62.58,88,20,4.61,few clouds
394,Iwaki,JP,37.05,140.8833,88.41,80,99,6.76,overcast clouds
395,Ashland,US,40.8167,-82.2665,68.99,87,100,4.72,overcast clouds
396,Scarborough,GB,54.2797,-0.4044,59.85,89,100,4.0,overcast clouds
397,Olafsvik,IS,64.8945,-23.7142,52.84,83,52,3.2,broken clouds
398,Chutove,UA,49.7104,35.1603,84.33,45,100,1.41,overcast clouds
399,Torbat-E Jam,IR,35.244,60.6225,94.35,11,0,22.59,clear sky
400,Aktau,KZ,43.65,51.2,106.38,26,0,11.95,clear sky
401,Kuminskiy,RU,58.6667,66.5667,61.02,99,100,5.12,heavy intensity rain
402,Samarai,PG,-10.6167,150.6667,77.18,86,99,14.88,overcast clouds
403,Batemans Bay,AU,-35.7167,150.1833,53.91,91,17,0.49,few clouds
404,Aksarka,RU,66.5606,67.7975,71.73,59,100,4.25,overcast clouds
405,Port Pirie,AU,-33.1833,138.0167,55.49,75,8,4.5,clear sky
406,Virginia Beach,US,36.8529,-75.978,75.25,87,90,3.44,overcast clouds
407,Okhtyrka,UA,50.3104,34.8988,82.65,46,100,1.61,overcast clouds
408,San Andres,CO,12.5847,-81.7006,82.42,78,75,12.66,broken clouds
409,Marrakesh,MA,31.6315,-8.0083,66.27,88,40,6.91,scattered clouds
410,Buraydah,SA,26.326,43.975,102.65,9,17,8.95,few clouds
411,Husavik,IS,66.0449,-17.3389,53.51,74,30,1.23,scattered clouds
412,Pleasant Prairie,US,42.5531,-87.9334,66.99,86,40,5.01,scattered clouds
413,Santa Vitoria Do Palmar,BR,-33.5189,-53.3681,54.21,93,0,6.2,clear sky
414,Tura,IN,25.5198,90.2201,78.42,95,100,5.5,overcast clouds
415,Palauig,PH,15.435,119.9045,82.56,85,99,14.41,overcast clouds
416,Megion,RU,61.0296,76.1136,68.02,51,9,10.89,clear sky
417,Zhigansk,RU,66.7697,123.3711,75.94,33,100,10.49,overcast clouds
418,Temir,KZ,49.1414,57.13,86.86,31,7,13.11,clear sky
419,Bayanday,RU,53.0661,105.5139,70.12,51,97,9.13,overcast clouds
420,Leshukonskoye,RU,64.8989,45.7622,65.61,44,7,3.94,clear sky
421,Arawa,PG,-6.2132,155.5367,78.64,88,95,5.68,light rain
422,Faya,SA,18.3851,42.4509,79.32,31,64,9.78,broken clouds
423,Pochutla,MX,15.7432,-96.4661,75.81,93,98,3.27,overcast clouds
424,Hofn,IS,64.2539,-15.2082,53.98,79,97,6.4,moderate rain
425,Kirillov,RU,59.863,38.3813,64.33,89,100,7.72,light rain
426,Ngaoundere,CM,7.3167,13.5833,68.4,91,93,5.32,light rain
427,Mayang Imphal,IN,24.6167,93.8833,78.85,89,75,4.61,broken clouds
428,Saldanha,ZA,-33.0117,17.9442,44.65,67,63,4.41,broken clouds
429,Boddam,GB,57.4667,-1.7833,61.12,90,97,14.54,light rain
430,Aripuana,BR,-9.1667,-60.6333,67.86,53,0,1.25,clear sky
431,Sorong,ID,-0.8833,131.25,82.15,81,100,14.45,overcast clouds
432,Dawson Creek,CA,55.7666,-120.2362,57.16,58,1,16.11,clear sky
433,Llangefni,GB,53.2556,-4.3106,59.74,100,75,9.22,broken clouds
434,Zhezkazgan,KZ,47.8043,67.7144,93.96,17,71,5.7,broken clouds
435,Ancud,CL,-41.8697,-73.8203,41.23,76,8,7.87,clear sky
436,Emerald,AU,-23.5333,148.1667,73.54,21,0,9.22,clear sky
437,Tarata,BO,-17.6167,-66.0167,52.68,67,0,1.81,clear sky
438,Balagansk,RU,54.0103,103.0544,69.08,56,97,13.69,overcast clouds
439,Hohhot,CN,40.8106,111.6522,88.09,25,0,6.71,clear sky
440,Rawson,AR,-43.3002,-65.1023,49.15,38,100,19.01,overcast clouds
441,Mochicahui,MX,25.9333,-108.9333,81.01,88,87,4.54,overcast clouds
442,Baykit,RU,61.67,96.37,81.93,31,53,5.21,broken clouds
443,Ankara,TR,39.9199,32.8543,81.52,27,75,6.91,broken clouds
444,Provideniya,RU,64.3833,-173.3,45.59,82,100,5.23,light rain
445,Caloundra,AU,-26.8,153.1333,66.06,74,0,7.09,clear sky
446,Camargo,MX,27.6667,-105.1667,76.71,53,48,5.88,scattered clouds
447,Normandin,CA,48.8333,-72.5321,71.91,64,100,13.8,overcast clouds
448,Guerrero Negro,MX,27.9769,-114.0611,71.37,80,0,7.45,clear sky
449,Te Anau,NZ,-45.4167,167.7167,38.16,93,100,3.22,overcast clouds
450,Hambantota,LK,6.1241,81.1185,89.94,66,75,16.11,moderate rain
451,Ndele,CF,8.4109,20.6473,70.0,98,100,2.08,moderate rain
452,San Pedro,PH,14.35,121.0167,90.1,68,40,12.66,scattered clouds
453,College,US,64.8569,-147.8028,64.38,86,90,0.0,overcast clouds
454,Perth,AU,-31.9333,115.8333,61.09,77,90,9.22,light rain
455,Qaqortoq,GL,60.7167,-46.0333,45.1,70,100,2.33,overcast clouds
456,Drovyanaya,RU,51.5833,113.0333,78.31,96,99,14.97,overcast clouds
457,Luganville,VU,-15.5333,167.1667,76.62,80,54,10.47,broken clouds
458,Nyurba,RU,63.2842,118.3319,77.02,43,100,7.63,overcast clouds
459,Campos Do Jordao,BR,-22.7394,-45.5914,43.95,93,100,2.8,overcast clouds
460,Hondo,JP,32.45,130.2,89.55,74,1,10.29,clear sky
461,Kifri,IQ,34.6959,44.9661,107.44,12,2,4.88,clear sky
462,Luanshya,ZM,-13.1367,28.4166,74.77,26,3,7.36,clear sky
463,Soe,ID,-9.8607,124.284,74.62,45,56,10.2,broken clouds
464,Grindavik,IS,63.8424,-22.4338,52.27,93,75,1.14,broken clouds
465,Mubende,UG,0.5606,31.39,84.94,33,6,4.32,clear sky
466,Dhola,IN,21.8833,71.7833,91.13,40,58,9.48,broken clouds
467,Kijang,KR,35.2442,129.2139,94.73,66,41,6.22,scattered clouds
468,Seymchan,RU,62.8833,152.4333,57.47,67,93,7.61,overcast clouds
469,Palaikastron,GR,35.2,26.25,82.87,66,0,18.16,clear sky
470,Tambura,SS,5.6,27.4667,80.74,67,98,4.74,light rain
471,Zapolyarnyy,RU,69.4154,30.8136,65.48,52,30,12.15,scattered clouds
472,Camacari,BR,-12.6975,-38.3242,74.97,81,30,7.76,scattered clouds
473,Manado,ID,1.487,124.8455,84.97,74,40,2.3,scattered clouds
474,Kenora,CA,49.8167,-94.4337,58.17,88,40,8.05,smoke
475,Beaverlodge,CA,55.2166,-119.4361,52.95,66,59,8.79,broken clouds
476,Kshenskiy,RU,51.8408,37.7136,82.8,33,100,13.89,light rain
477,Bandar-E Lengeh,IR,26.5579,54.8807,100.51,60,0,11.5,haze
478,Dronninglund,DK,57.1604,10.2929,60.19,80,100,13.24,overcast clouds
479,Anlu,CN,31.1661,112.5831,85.08,72,100,14.34,overcast clouds
480,Ahipara,NZ,-35.1667,173.1667,55.76,81,25,14.18,scattered clouds
481,Puerto Del Rosario,ES,28.5004,-13.8627,71.35,78,75,13.8,broken clouds
482,Tigil,RU,57.8,158.6667,55.06,75,25,9.04,scattered clouds
483,Pemangkat,ID,1.1667,108.9667,86.02,69,60,10.07,broken clouds
484,Maua,BR,-23.6678,-46.4614,60.12,89,88,5.06,overcast clouds
485,Burgos,ES,42.3394,-3.7079,59.41,63,40,8.05,scattered clouds
486,Kazuno,JP,40.1836,140.7872,90.64,63,50,1.59,scattered clouds
487,Buchanan,LR,5.8808,-10.0467,71.56,80,97,2.37,overcast clouds
488,Athabasca,CA,54.7169,-113.2854,57.02,75,21,2.8,few clouds
489,Bonthe,SL,7.5264,-12.505,76.95,73,100,2.06,overcast clouds
490,Paamiut,GL,61.994,-49.6678,44.55,74,100,4.76,overcast clouds
491,Bubaque,GW,11.2833,-15.8333,79.77,76,96,17.29,overcast clouds
492,Bodden Town,KY,19.2833,-81.25,80.01,86,63,10.31,broken clouds
493,Oga,IT,46.4631,10.347,56.7,80,87,7.07,overcast clouds
494,Cartagena,CO,10.3997,-75.5144,80.22,94,40,3.44,scattered clouds
495,Sturgeon Bay,US,44.8342,-87.377,69.22,94,40,10.36,scattered clouds
496,Pokrovsk,UA,48.282,37.1758,85.8,35,39,14.76,scattered clouds
497,Khash,IR,28.2211,61.2158,95.92,10,0,3.22,clear sky
498,South Sioux City,US,42.4739,-96.4136,76.95,75,40,3.0,scattered clouds
499,Yola,NG,9.2,12.4833,79.32,75,100,7.65,overcast clouds
500,La Ronge,CA,55.1001,-105.2842,68.25,83,90,10.36,overcast clouds
501,Nouadhibou,MR,20.931,-17.0347,69.33,86,2,9.84,clear sky
502,Zaysan,KZ,47.4667,84.8667,81.41,24,3,16.15,clear sky
503,Kungurtug,RU,50.5994,97.5228,52.61,97,100,2.01,overcast clouds
504,Vangaindrano,MG,-23.35,47.6,73.44,62,0,3.15,clear sky
505,Aberdeen,GB,57.1437,-2.0981,63.21,97,90,9.22,overcast clouds
506,Hami,CN,42.8,93.45,94.35,12,2,22.41,clear sky
507,Yaan,NG,7.3833,8.5667,73.72,92,100,7.2,overcast clouds
508,Daru,PG,-9.0763,143.2092,76.19,75,99,14.52,overcast clouds
509,Rovaniemi,FI,66.5,25.7167,67.41,52,0,5.75,clear sky
510,Tashtyp,RU,52.7939,89.8983,72.48,56,100,5.84,overcast clouds
511,Kushima,JP,31.4583,131.2333,80.64,79,33,6.87,scattered clouds
512,Xuanzhou,CN,30.9525,118.7553,88.65,63,40,10.56,scattered clouds
513,Labuhan,ID,-6.8844,112.2051,84.9,69,42,14.7,scattered clouds
514,Kintampo,GH,8.0563,-1.7306,72.68,88,88,8.23,overcast clouds
515,Nouakchott,MR,18.0858,-15.9785,78.73,86,1,13.29,clear sky
516,Half Moon Bay,US,37.4636,-122.4286,67.32,88,20,11.5,few clouds
517,Nsunga,TZ,-1.1439,31.3947,69.24,31,35,6.62,scattered clouds
518,Saurimo,AO,-9.6608,20.3916,68.32,34,0,0.0,clear sky
519,Conde,BR,-7.2597,-34.9075,71.06,100,75,4.61,broken clouds
520,Laela,TZ,-8.5667,32.05,72.79,37,0,6.13,clear sky
521,Madhupur,IN,24.25,86.65,91.35,56,100,3.65,overcast clouds
522,Turka,UA,49.1541,23.0297,59.25,60,2,8.23,clear sky
523,Kolno,PL,53.4115,21.9291,64.51,79,90,14.7,overcast clouds
524,Rognan,NO,67.0953,15.3878,68.05,64,100,7.25,overcast clouds
525,Vardo,NO,70.3705,31.1107,55.8,79,67,13.0,broken clouds
526,Khomeyn,IR,33.6423,50.0789,84.25,17,72,8.37,broken clouds
527,Thunder Bay,CA,48.4001,-89.3168,60.78,77,90,10.36,overcast clouds
528,Santa Fe,AR,-31.6333,-60.7,60.91,85,1,3.0,clear sky
529,Berea,US,41.3662,-81.8543,72.48,82,90,3.44,overcast clouds
530,Honiara,SB,-9.4333,159.95,79.27,80,90,3.22,overcast clouds
531,Mnogovershinnyy,RU,53.9353,139.9242,52.47,75,100,10.25,overcast clouds
532,Tolaga Bay,NZ,-38.3667,178.3,54.25,68,69,9.19,broken clouds
533,Port Elizabeth,ZA,-33.918,25.5701,59.29,82,0,5.75,clear sky
534,Xining,CN,36.6167,101.7667,80.08,26,84,7.07,broken clouds
535,Viedma,AR,-40.8135,-62.9967,52.29,63,100,9.48,overcast clouds
536,Sibolga,ID,1.7427,98.7792,87.17,62,32,5.99,scattered clouds
537,Abha,SA,18.2164,42.5053,79.05,34,20,4.61,few clouds
538,Puerto Escondido,MX,15.85,-97.0667,77.67,89,100,5.08,overcast clouds
539,Elban,RU,50.1018,136.5094,60.58,79,100,18.12,moderate rain
540,Muros,ES,42.7762,-9.0603,63.84,96,9,5.03,clear sky
541,Valdosta,US,30.8327,-83.2785,76.14,97,75,0.0,broken clouds
542,Mataquescuintla,GT,14.5292,-90.1842,60.75,98,100,2.8,overcast clouds
543,Barcelos,PT,41.5388,-8.6151,64.85,81,5,4.72,clear sky
544,Lloydminster,CA,53.2835,-110.0016,57.42,94,90,6.91,overcast clouds
545,Grand Gaube,MU,-20.0064,57.6608,75.6,65,60,8.99,light rain
546,Aswan,EG,24.0934,32.907,99.7,34,0,11.5,haze
547,Opunake,NZ,-39.4556,173.8583,50.34,72,63,20.83,broken clouds
548,Mae Hong Son,TH,19.3003,97.9685,87.94,66,75,6.91,broken clouds
549,Kharhial,IN,20.2833,82.7667,87.73,63,96,5.19,overcast clouds
550,Zavyalovo,RU,54.5053,82.4484,73.22,83,98,3.56,overcast clouds
551,Kamloops,CA,50.6665,-120.3192,70.79,33,75,10.36,broken clouds
552,Kysyl-Syr,RU,63.8986,122.7617,78.28,34,99,12.97,overcast clouds
553,Barberton,ZA,-25.7884,31.0532,65.93,39,0,2.21,clear sky
554,Markova,UA,48.6758,24.4138,69.39,50,2,6.22,clear sky
555,Cockburn Town,TC,21.4612,-71.1419,82.53,69,66,14.38,broken clouds
556,Nsanje,MW,-16.92,35.262,83.62,40,0,3.74,clear sky
557,Halifax,CA,44.6453,-63.5724,64.53,91,21,1.01,few clouds
558,Shemonaikha,KZ,50.6328,81.9056,80.76,32,3,7.4,clear sky
559,Gat,IL,31.61,34.7642,96.4,22,0,11.01,clear sky
560,Kieta,PG,-6.2167,155.6333,80.38,82,84,8.52,light rain
561,Kloulklubed,PW,7.0419,134.2556,79.3,86,100,4.27,overcast clouds
562,Port Macquarie,AU,-31.4333,152.9167,58.96,82,0,2.71,clear sky
563,Hadgaon,IN,19.5,77.6667,85.59,52,91,10.58,overcast clouds
564,Brigham City,US,41.5102,-112.0155,68.0,49,1,1.01,clear sky
565,Tevriz,RU,57.509,72.4042,75.72,52,100,7.99,overcast clouds
566,Yining,CN,29.0361,114.5636,93.2,55,76,3.62,broken clouds
567,Tahe,CN,52.3333,124.7333,69.55,83,29,5.82,light rain
568,Afyonkarahisar,TR,38.75,30.6667,72.66,56,40,14.97,scattered clouds
569,Waipawa,NZ,-41.4122,175.5153,43.43,82,86,4.21,overcast clouds
570,Tiznit,MA,29.5833,-9.5,65.16,82,78,3.11,broken clouds
571,Coahuayana,MX,18.7333,-103.6833,76.35,92,100,3.71,overcast clouds
572,Port Shepstone,ZA,-30.7414,30.455,65.95,57,0,0.56,clear sky
573,Kuldur,RU,49.2167,131.6333,64.58,97,100,7.16,light rain
574,Ambilobe,MG,-13.2,49.05,87.94,32,0,2.08,clear sky
575,Roma,US,43.2128,-75.4557,72.41,92,20,4.61,few clouds
576,San Carlos De Bariloche,AR,-41.1456,-71.3082,35.35,64,20,12.66,few clouds
577,Wyndham,US,37.6985,-77.6125,72.95,89,1,0.0,clear sky
578,Vorukh,TJ,39.8494,70.5838,81.52,33,34,7.25,scattered clouds
579,San Blas,MX,21.5167,-105.2667,76.59,87,100,3.06,overcast clouds
580,Bansang,GM,13.4333,-14.65,77.34,86,61,5.73,broken clouds
581,Hirara,JP,24.8,125.2833,86.27,84,75,24.16,broken clouds
582,Arrifes,PT,37.7667,-25.7,66.45,68,20,9.22,few clouds
583,San Ramon,US,37.7799,-121.978,68.29,74,1,3.44,smoke
584,Alta Floresta,BR,-9.8756,-56.0861,67.08,50,35,3.42,scattered clouds
585,Barvinkove,UA,48.9097,37.0205,86.38,38,76,12.37,broken clouds
586,Camana,PE,-16.6228,-72.7111,59.59,86,64,7.14,broken clouds
587,Muswellbrook,AU,-32.2667,150.9,58.33,59,0,8.46,clear sky
588,Haverfordwest,GB,51.8017,-4.9691,61.56,94,100,1.01,overcast clouds
589,San Ignacio,BZ,17.1561,-89.0714,77.14,94,0,0.0,clear sky
590,Svetlaya,RU,46.5389,138.3297,63.27,97,100,17.45,overcast clouds
591,Cabo San Lucas,MX,22.8909,-109.9124,83.52,79,67,1.01,broken clouds
592,Gland,CH,46.4208,6.2701,71.26,79,100,1.77,overcast clouds
593,Coos Bay,US,43.3665,-124.2179,64.99,100,90,4.61,fog
594,Alamos,MX,27.0167,-108.9333,75.43,94,100,3.11,overcast clouds
595,Krynychky,UA,48.3755,34.467,79.32,49,100,12.28,overcast clouds
596,Zhigalovo,RU,54.8097,105.1578,67.23,62,97,6.89,overcast clouds
597,Nainpur,IN,22.4333,80.1167,82.72,74,95,8.05,overcast clouds
598,Schwerte,DE,51.45,7.5667,65.35,78,40,1.01,scattered clouds
599,Bhachau,IN,23.2833,70.35,93.76,44,0,16.93,clear sky
600,Amaraji,BR,-8.3831,-35.4525,68.65,96,75,8.43,broken clouds
601,Codrington,AU,-38.2667,141.9667,51.04,76,81,7.25,broken clouds
602,Tommot,RU,58.9564,126.2925,68.88,82,88,8.79,light rain
603,Gisborne,NZ,-38.6533,178.0042,52.75,70,100,7.38,overcast clouds
604,Cabra,ES,37.4725,-4.4421,75.9,53,2,4.38,clear sky
605,La Orilla,MX,17.9833,-102.2333,77.4,83,100,3.6,overcast clouds
606,Itarema,BR,-2.9248,-39.9167,78.17,61,61,17.02,broken clouds
607,Fountain Hills,US,33.6117,-111.7174,92.5,44,1,1.99,clear sky
608,Poplar Bluff,US,36.757,-90.3929,71.38,94,1,0.0,mist
609,Chernyshevskiy,RU,63.0128,112.4714,75.56,29,74,5.82,broken clouds
610,Mandalgovi,MN,45.7625,106.2708,79.45,17,100,18.88,overcast clouds
611,Tole,UA,44.7167,33.8167,79.5,42,95,8.34,overcast clouds
612,Fortuna,US,40.5982,-124.1573,63.93,74,90,1.01,overcast clouds
613,Baruun-Urt,MN,46.6806,113.2792,91.49,17,78,23.31,broken clouds
614,Kavaratti,IN,10.5669,72.642,81.59,77,100,23.8,overcast clouds
615,Constantine,DZ,36.365,6.6147,81.81,39,0,2.3,clear sky
616,Russell,US,32.3502,-85.1999,76.28,91,1,0.0,clear sky
617,General Roca,AR,-39.0333,-67.5833,45.0,52,100,10.63,overcast clouds
618,Voh,NC,-20.9667,164.7,66.15,71,100,7.74,overcast clouds
619,El Vigia,VE,8.6219,-71.6506,74.08,73,43,4.88,scattered clouds
620,Uirauna,BR,-6.5183,-38.4122,68.25,75,15,8.3,few clouds
621,Gamba,GA,-2.65,10.0,75.88,77,100,5.73,overcast clouds
622,Sinjar,IQ,36.3209,41.8754,100.24,17,30,5.44,scattered clouds
623,Nuevo Progreso,MX,23.1667,-97.95,76.53,82,24,3.65,few clouds
624,Guna,IN,24.65,77.3167,83.17,78,93,11.95,overcast clouds
625,Luau,AO,-10.7073,22.2247,76.73,13,5,6.13,clear sky
626,Ladybrand,ZA,-29.1945,27.4574,45.05,18,3,1.66,clear sky
627,Dwarka,IN,22.2394,68.9678,85.28,71,83,13.8,broken clouds
628,Point Pleasant,US,40.0832,-74.0682,73.38,81,1,1.01,clear sky
629,Pingliang,CN,35.5392,106.6861,88.92,26,0,13.47,clear sky
630,Campbellsville,US,37.3434,-85.3419,70.36,73,100,3.69,overcast clouds
631,Upington,ZA,-28.4478,21.2561,62.98,19,0,3.44,clear sky
632,Goure,NE,13.9835,10.2704,84.83,56,37,17.45,scattered clouds
633,Pisco,PE,-13.7,-76.2167,60.85,82,90,3.44,overcast clouds
634,Portland,US,45.5234,-122.6762,69.15,81,40,4.0,scattered clouds
635,Hovd,MN,48.0056,91.6419,69.49,38,100,6.93,overcast clouds
636,Ust-Koksa,RU,50.2696,85.6108,73.65,39,11,1.86,few clouds
637,Vung Tau,VN,10.346,107.0843,86.41,72,97,12.06,overcast clouds
638,Teguldet,RU,57.3064,88.1667,78.46,51,45,4.54,scattered clouds
639,Rorvik,NO,64.8621,11.2373,64.51,59,0,11.5,clear sky
640,Henties Bay,NA,-22.116,14.2845,62.55,61,0,6.22,clear sky
641,Taoudenni,ML,22.6783,-3.9836,98.85,27,56,19.69,broken clouds
642,Brigantine,US,39.4101,-74.3646,73.0,91,1,0.0,clear sky
643,Susurluk,TR,39.9136,28.1578,82.89,34,0,12.41,clear sky
644,Acapetahua,MX,15.2833,-92.7,74.84,88,97,3.13,overcast clouds
645,Puerto Lempira,HN,15.2667,-83.7667,77.18,90,100,7.2,overcast clouds
646,Wote,KE,-1.7808,37.6288,67.33,69,100,4.25,overcast clouds
647,Coutances,FR,49.05,-1.4333,60.66,90,67,17.05,broken clouds
648,Tyret Pervaya,RU,53.6703,102.3106,70.25,57,81,11.77,light rain
649,Ikalamavony,MG,-21.15,46.5833,73.31,34,0,2.3,clear sky
650,Muroto,JP,33.2833,134.15,89.64,79,6,7.85,clear sky
651,Kununurra,AU,-15.7667,128.7333,82.38,14,8,9.22,clear sky
652,Balabac,PH,7.9868,117.0645,87.06,63,100,6.69,overcast clouds
653,Nogales,MX,31.3086,-110.9422,78.46,83,20,6.91,few clouds
654,Popondetta,PG,-8.7537,148.2534,75.22,83,21,2.42,few clouds
655,Ketchikan,US,55.3422,-131.6461,55.87,94,90,4.61,overcast clouds
656,Colwyn Bay,GB,53.2948,-3.7267,59.83,94,100,10.0,overcast clouds
657,Progreso,MX,21.2833,-89.6667,73.51,81,11,9.13,few clouds
658,Sur,OM,22.5667,59.5289,93.58,57,86,5.91,overcast clouds
659,Alekseyevsk,RU,57.8406,108.3492,65.75,71,100,7.16,light rain
660,Santander Jimenez,MX,24.2167,-98.4667,76.05,88,0,5.86,clear sky
661,Estacion Coahuila,MX,32.1939,-115.0017,90.7,56,28,16.53,scattered clouds
662,Zhoucheng,CN,35.9122,116.3117,91.27,51,7,3.31,clear sky
663,Loralai,PK,30.3705,68.598,92.93,23,2,11.59,clear sky
664,Dhandhuka,IN,22.3667,71.9833,94.46,42,89,7.31,overcast clouds
665,Varadero,CU,23.1536,-81.2514,75.96,83,78,10.51,broken clouds
666,Plettenberg Bay,ZA,-34.0527,23.3716,62.73,58,92,3.44,overcast clouds
667,Mozarlandia,BR,-14.7447,-50.5706,72.23,44,100,9.37,overcast clouds
668,Elk City,US,35.412,-99.4043,78.78,73,1,10.36,clear sky
669,Tecoanapa,MX,16.5167,-98.75,74.59,95,100,10.54,overcast clouds
670,Tazovskiy,RU,67.4667,78.7,70.18,44,12,5.26,few clouds
671,Launceston,AU,-41.45,147.1667,50.81,53,10,9.22,clear sky
672,Kaduqli,SD,11.0167,29.7167,76.39,82,100,6.96,overcast clouds
673,Talaya,RU,61.3833,152.75,47.71,85,100,1.68,overcast clouds
674,Pinega,RU,64.7001,43.3936,67.23,46,10,3.6,clear sky
675,Sambava,MG,-14.2667,50.1667,75.54,66,4,13.02,clear sky
676,Katsuura,JP,35.1333,140.3,84.31,88,100,9.57,light rain
677,Krasnyy Chikoy,RU,50.3643,108.7512,72.97,59,58,10.07,broken clouds
678,Sham Churasi,IN,31.4997,75.7494,96.12,49,12,0.81,few clouds
679,Camopi,GF,3.1655,-52.3158,69.8,99,94,1.61,overcast clouds
680,Antofagasta,CL,-23.65,-70.4,56.48,84,53,1.61,broken clouds
681,Brae,GB,60.3964,-1.353,58.91,89,100,31.79,overcast clouds
682,Turayf,SA,31.6725,38.6637,91.65,21,0,9.22,clear sky
683,Lons,FR,43.3167,-0.4,62.82,94,75,2.3,broken clouds
684,Saint-Georges,GD,12.0564,-61.7485,79.12,77,100,10.09,overcast clouds
685,Chenzhou,CN,25.8,113.0333,91.98,62,66,6.04,light rain
686,Severo-Kurilsk,RU,50.6789,156.125,54.61,78,100,9.28,overcast clouds
687,Santa Marta,CO,11.2408,-74.199,83.98,67,97,5.99,overcast clouds
688,Fukuma,JP,33.7667,130.4667,91.4,71,80,3.27,broken clouds
689,Nabire,ID,-3.3667,135.4833,80.55,85,100,1.63,overcast clouds
690,Hargeysa,SO,9.56,44.065,82.54,35,20,22.44,few clouds
691,Kamskiye Polyany,RU,55.4307,51.4171,72.41,81,100,4.61,light rain
692,Dembi Dolo,ET,8.5333,34.8,63.0,86,99,1.68,light rain
693,Kinablangan,PH,7.6947,126.5503,83.93,77,86,5.7,overcast clouds
694,Poum,NC,-20.2333,164.0167,71.28,67,100,14.18,overcast clouds
695,Bouna,CI,9.2667,-3.0,75.69,75,83,6.42,broken clouds
696,Promyshlennaya,RU,54.9159,85.6385,74.21,68,77,7.02,light rain
697,Seoul,KR,37.5683,126.9778,91.0,44,0,8.05,clear sky
698,Port Keats,AU,-14.25,129.55,86.16,20,10,7.74,clear sky
699,Kingaroy,AU,-26.5333,151.8333,66.24,27,0,4.61,clear sky
700,Boma,GH,7.0805,-2.1697,71.29,91,100,3.67,overcast clouds
701,Bonaventure,CA,48.0457,-65.4926,70.39,94,51,8.05,broken clouds
702,Arequipa,PE,-16.3989,-71.535,53.11,51,27,1.05,scattered clouds
703,Kropotkin,RU,45.4375,40.5756,90.07,38,100,12.75,overcast clouds
704,Kiruna,SE,67.8557,20.2251,59.92,63,65,11.5,broken clouds
705,Matongo,TZ,-2.3833,34.0833,82.89,32,30,3.74,scattered clouds
706,Changji,CN,44.0167,87.3167,88.59,25,20,8.95,few clouds
707,Zilupe,LV,56.3862,28.1217,67.28,75,94,9.01,overcast clouds
708,Vostok,RU,46.4856,135.8833,66.4,96,100,2.33,light rain
